USE EMPLOYEE;

INSERT INTO EMPLOYEE.department(department, department_name, dept_acct_num)
VALUES ("POL", "POLITICAL SCIENCE", 10549),
  ("INT", "INTERIOR DESIGN", 24678),
  ("WEL", "WELFARE BUREAU", 32148),
  ("TRF", "TREASURY DEPT", 54687),
  ("CEN", "CENSUS DEPT", 31133);

INSERT INTO EMPLOYEE.employee(payroll_number, last_name, first_name, absences, wages, street, city, state, phone, social_security_number, employment_date, birth_date, current_position, fk_department, gender)
VALUES (22, "ROOSEVELT", "THEODORE", 0, 0.0, "12 BROADWAY", "NEW YORK", "NY", "389-329-0418", "378-66-9854", "1902-11-20", "1858-10-27", "CONTROLLER", "INT", "M"),
  (20, "ANTHONY", "SUSANNE", 1, 0.0, "123 DOLLAR ROAD", "ADAMS", "MA", "458-094-0987", "503-89-7898", "1840-03-30", "1820-02-15", "SALESPERSON 2", "WEL", "F"),
  (19, "ROOSEVELT", "ELEANOR", 1, 0.0, "123 W 57 TH", "NEW YORK", "NY", "120-234-9876", "509-66-8999", "1932-03-20", "1884-10-11", "SYSTEM ANALYST", "POL", "F"),
  (25, "COOLIDGE", "CALVIN", 0, 0.0, "12 MAPLE ROAD", "PLYMOUTH", "VT", "435-897-3546", "100-02-0500", "1921-08-07", "1872-07-01", "JANITOR", "INT", "M"),
  (31, "JOHNSON", "LYNDON", 3, 0.0, "RR #1", "STONEWALL", "TX", "560-456-9876", "456-91-2345", "1963-11-23", "1908-08-27", "TREASURER CLERK", "POL", "M"),
  (35, "REAGAN", "RONALD", 5, 0.0, "10 RODEO LANE", "TAMPICO", "IL", "721-898-0987", "101-11-9832", "1980-03-03", "1924-10-01", "PRESIDENT", "WEL", "M"),
  (36, "BUSH", "GEORGE", 0, 14000.0, "1456 PLEASANT", "FALL HARBOR", "ME", "409-339-9087", "459-98-3456", "1988-01-05", "1911-02-06", "CLERK 2", "INT", "M"),
  (21, "JOHNSON", "ANDREW", 2, 7500.0, "1233 TABACCO RD", "RALEIGH", "NC", "640-789-3450", "267-88-9876", "1865-04-13", "1808-12-29", "SALESPERSON 1", "POL", "M"),
  (37, "CLINTON", "WILLIAM", 2, 15000.0, "1234 OAK DALE", "HOPE", "AR", "402-731-2489", "456-98-9987", "1992-01-01", "1940-04-03", "CLERK 1", "POL", "M"),
  (34, "CARTER", "JIMMY", 1, 13000.0, "RR #3", "PLAINS", "GE", "432-987-0987", "563-99-7765", "1976-07-10", "1913-07-14", "LABORER 3", "WEL", "M"),
  (33, "FORD", "GERALD", 0, 13000.0, "3301 CENTER ST", "OMAHA", "NE", "408-765-3487", "456-33-9801", "1973-05-20", "1913-01-09", "LABORER 2", "INT", "M"),
  (32, "NIXON", "RICHARD", 6, 12500.0, "12 PASADENA AVE", "YORBA LINDA", "CA", "402-636-3171", "555-45-2345", "1968-12-15", "1908-08-27", "TREASURER", "POL", "M"),
  (30, "KENNEDY", "JOHN", 2, 11500.0, "1230 N OCEAN", "BROOKLINE", "MA", "345-908-8765", "234-66-2356", "1961-01-01", "1917-05-29", "PROGRAMMER 1", "POL", "M"),
  (29, "EISENHOWER", "DWIGHT", 1, NULL, "12 SOLDIER WAY", "DENISON", "TX", "367-098-0002", "876-99-1201", "1953-03-20", "1890-10-14", "GUARD 4", "INT", "M"),
  (28, "TRUMAN", "HAROLD", 0, 11000.0, "RRT #7", "LAMAR", "MO", "546-987-6512", "345-09-0191", "1945-04-15", "1884-05-08", "COUNSELER 2", "INT", "M"),
  (27, "ROOSEVELT", "FRANKLIN", 3, 10400.0, "12 CHERRY LANE", "HYDE PARK", "NY", "983-097-8734", "001-01-0001", "1933-03-26", "1882-01-30", "CLERK 1", "POL", "M"),
  (26, "HOOVER", "HERBERT", 2, 10000.0, "1234 MAIN ST", "WEST BRANCH", "IA", "213-467-0932", "100-02-0004", "1928-04-06", "1874-08-10", "MAINT. MAN 2", "WEL", "M"),
  (24, "WILSON", "WOODROW", 1, 9000.0, "123 SMOKEY ROD", "STAUTON", "VA", "567-123-9867", "200-05-9879", "1912-09-05", "1856-12-28", "MAINT. MAN 3", "POL", "M"),
  (23, "TAFT", "WILLIAM", 2, 8500.0, "1234 RIVERFRONT RD", "CINCINNATI", "OH", "234-632-7806", "340-90-9856", "1908-06-01", "1857-09-15", "VICE PRESIDENT", "WEL", "M");

INSERT INTO EMPLOYEE.glasses(fk_payroll_number, purchase_date, optician, cost, check_number)
VALUES (34, "1979-08-12", "Greenberg Optical", 175.0, "N8754 "),
  (25, "2023-11-15", "Greenberg Optical", 175.0, "A12356"),
  (31, "1964-01-31", "Peralman Optical", 170.0, "B9054"),
  (35, "1983-10-23", "Greenberg Optical", 165.0, "X6789 "),
  (21, "1967-05-31", "Greenberg Optical", 165.0, "B7865"),
  (34, "1977-09-08", "Pearlman Optical", 164.0, "B9087 "),
  (33, "1974-02-01", "Downtown Optical", 145.0, "B9876"),
  (32, "1970-06-23", "Downtown Optical", 123.0, "B897"),
  (19, "1933-07-01", "TROIA OPTICAL", 134.0, "BV12798"),
  (19, "1935-07-20", "TROIA OPTICAL", 143.0, "BN9876"),
  (20, "1940-08-12", "PEARLMAN OPTICAL", 120.0, "X9820"),
  (22, "2003-03-12", "GREENBERG OPTICAL", 123.0, "X9812"),
  (22, "2004-05-06", "WYOMING OPTICAL", 145.0, "Y1245"),
  (29, "1953-03-31", "GREENBERG OPTICAL", 15.0, "V8762"),
  (28, "1947-10-12", "LAMAR OPTICAL", 110.0, "Z9876"),
  (27, "1933-06-03", "HYDE PARK OPTICAL", 129.0, "C9876"),
  (24, "2017-01-01", "STERLING OPTICAL", 123.0, "C8734"),
  (23, "2010-11-08", "WAL-MART", 145.0, "N8762");

INSERT INTO EMPLOYEE.tools(fk_payroll_number, purchase_date, payroll_deduct, tool_name, tool_cost, payment_amount, last_payment_amount, first_payment_date, last_payment_date)
VALUES (19, "1933-05-01", "Y", "CALCULATOR", 55.0, 10.0, 5.0, "1933-05-15", "1933-07-15"),
  (19, "1934-09-06", "N", "FOUNTAIN PEN", 1.95, 1.95, 1.95, NULL, NULL),
  (19, "1934-11-30", "Y", "PLIERS", 5.0, 5.0, 5.0, "1934-12-01", "1934-12-01"),
  (20, "1940-05-31", "Y", "BRIEF CASE", 43.95, 10.0, 13.95, "1940-06-15", "1940-08-01"),
  (20, "1941-12-12", "Y", "CALCULATOR", 34.95, 15.0, 4.95, "1941-12-15", "1942-01-15"),
  (20, "1943-05-03", "N", "STAPLER", 9.95, 9.95, 9.95, NULL, NULL),
  (21, "1966-02-01", "Y", "Fountain Pen", 5.95, 3.0, 2.95, "1966-03-01", "1966-03-15"),
  (21, "1967-05-10", "Y", "Shovel", 10.75, 5.75, 5.0, "1967-06-01", "1967-06-15"),
  (22, "2003-02-01", "N", "BIG STICK", 34.0, 34.0, NULL, NULL, NULL),
  (22, "2005-03-10", "Y", "RIFLE", 290.0, 70.0, 10.0, "2005-03-15", "2005-05-15"),
  (23, "2009-08-01", "N", "FOUNTAIN PEN", 23.0, 23.0, 23.0, NULL, NULL),
  (24, "2013-11-04", "N", "DUST PAN", 4.95, 4.95, 4.95, NULL, NULL),
  (24, "2013-11-04", "Y", "VACUUM", 100.0, 25.0, 24.0, "2013-11-15", "2014-01-15"),
  (24, "2015-09-10", "Y", "VISE GRIPS", 12.0, 6.0, 6.0, "2015-09-15", "2015-09-01"),
  (25, "2022-10-01", "Y", "Pliers", 25.0, 10.0, 5.0, "2022-09-01", "2022-10-01"),
  (25, "2023-02-01", "N", "Vice Grips", 10.0, 10.0, NULL, NULL, NULL),
  (26, "2029-03-12", "Y", "BROOM", 8.0, 4.0, 4.0, "2029-03-15", "2029-04-01"),
  (26, "2029-05-31", "Y", "TIN SNIPS", 16.0, 8.0, 8.0, "2029-06-15", "2029-07-01"),
  (27, "1933-05-01", "N", "CIGARETTE HOLDE", 12.0, 12.0, 12.0, NULL, NULL),
  (27, "1934-09-10", "N", "STAPLER", 8.0, 8.0, 8.0, NULL, NULL),
  (29, "1953-03-01", "N", "BOOTS", 25.0, 25.0, 25.0, NULL, NULL),
  (29, "1953-03-31", "Y", "RIFLE", 150.0, 50.0, 50.0, "1953-06-01", "1953-07-01"),
  (29, "1953-03-31", "Y", "UNIFORM", 200.0, 50.0, 50.0, "1953-04-15", "1953-06-15"),
  (32, "1969-02-14", "Y", "Hack Saw", 12.75, 6.0, 6.75, "1968-03-01", "1969-03-15"),
  (32, "1969-10-21", "Y", "Pliers", 5.75, 5.75, 5.75, "1969-11-01", "1969-11-01"),
  (33, "1974-01-01", "Y", "Golf Balls", 12.0, 5.0, 2.0, "1974-02-01", "1974-03-15"),
  (33, "1974-08-10", "N", "1st Aid Kit", 0.0, NULL, NULL, NULL, NULL),
  (33, "1977-03-23", "N", "1st Aid Kit", 0.0, NULL, NULL, NULL, NULL),
  (35, "1980-06-04", "Y", "3/4 Wrench", 4.0, 2.0, 2.0, "1980-07-01", "1980-07-15"),
  (35, "1981-04-24", "N", "Knife", 7.95, 7.95, NULL, NULL, NULL),
  (35, "1982-11-06", "Y", "Tool Chest", 16.75, 6.0, 4.75, "1980-12-01", "1981-01-01"),
  (36, "1988-09-23", NULL, "Drill Bit", 2.75, 2.75, NULL, NULL, NULL),
  (36, "1988-11-10", "Y", "Drill", 35.95, 10.0, 5.95, "1988-12-01", "1989-01-15"),
  (36, "1990-12-20", "Y", "Hack Saw", 7.5, 4.0, 3.5, "1989-03-01", "1989-03-15");